{"cameraMode":{"drawMode":0,"name":"Shaded","section":"Shading Mode"},"sceneLighting":true,"audioPlay":false,"sceneViewState":{"m_AlwaysRefresh":false,"showFog":true,"showSkybox":true,"showFlares":true,"showImageEffects":true,"showParticleSystems":true,"showVisualEffectGraphs":true,"m_FxEnabled":true},"in2DMode":false,"pivot":{"x":1163.605224609375,"y":148.86453247070313,"z":-84.29206085205078},"rotation":{"x":0.030468806624412538,"y":0.9620176553726196,"z":-0.03534107655286789,"w":0.27340683341026308},"size":610.2606811523438,"orthographic":false}