{"cameraMode":{"drawMode":0,"name":"Shaded","section":"Shading Mode"},"sceneLighting":true,"audioPlay":false,"sceneViewState":{"m_AlwaysRefresh":false,"showFog":true,"showSkybox":true,"showFlares":true,"showImageEffects":true,"showParticleSystems":true,"showVisualEffectGraphs":true,"m_FxEnabled":true},"in2DMode":false,"pivot":{"x":320.7132873535156,"y":207.88145446777345,"z":778.1275634765625},"rotation":{"x":-0.013588093221187592,"y":-0.9863517880439758,"z":-0.10962770879268646,"w":0.12223313003778458},"size":1.742533802986145,"orthographic":false}