{"cameraMode":{"drawMode":0,"name":"Shaded","section":"Shading Mode"},"sceneLighting":true,"audioPlay":false,"sceneViewState":{"m_AlwaysRefresh":false,"showFog":true,"showSkybox":true,"showFlares":true,"showImageEffects":true,"showParticleSystems":true,"showVisualEffectGraphs":true,"m_FxEnabled":true},"in2DMode":false,"pivot":{"x":104.02759552001953,"y":203.010986328125,"z":726.0464477539063},"rotation":{"x":0.004331095144152641,"y":-0.9890753030776978,"z":0.029681162908673288,"w":0.14432646334171296},"size":4.074276924133301,"orthographic":false}