{"cameraMode":{"drawMode":0,"name":"Shaded","section":"Shading Mode"},"sceneLighting":false,"audioPlay":false,"sceneViewState":{"m_AlwaysRefresh":false,"showFog":false,"showSkybox":false,"showFlares":false,"showImageEffects":false,"showParticleSystems":false,"showVisualEffectGraphs":true,"m_FxEnabled":true},"in2DMode":false,"pivot":{"x":-0.4190811216831207,"y":-0.20619827508926392,"z":-2.077134847640991},"rotation":{"x":0.005945467855781317,"y":-0.9911307692527771,"z":0.048519596457481387,"w":0.12406925857067108},"size":1.971292495727539,"orthographic":false}