{"cameraMode":{"drawMode":0,"name":"Shaded","section":"Shading Mode"},"sceneLighting":false,"audioPlay":false,"sceneViewState":{"m_AlwaysRefresh":false,"showFog":false,"showSkybox":false,"showFlares":false,"showImageEffects":false,"showParticleSystems":false,"showVisualEffectGraphs":true,"m_FxEnabled":true},"in2DMode":false,"pivot":{"x":-0.00016039609909057617,"y":0.8289444446563721,"z":-0.001564815640449524},"rotation":{"x":0.0018163686618208886,"y":0.9920023679733276,"z":-0.12655918300151826,"w":0.011549334041774273},"size":1.3339685201644898,"orthographic":false}