{"cameraMode":{"drawMode":0,"name":"Shaded","section":"Shading Mode"},"sceneLighting":false,"audioPlay":false,"sceneViewState":{"m_AlwaysRefresh":false,"showFog":false,"showSkybox":false,"showFlares":false,"showImageEffects":false,"showParticleSystems":false,"showVisualEffectGraphs":true,"m_FxEnabled":true},"in2DMode":false,"pivot":{"x":0.13259299099445344,"y":0.5696445107460022,"z":0.1908494234085083},"rotation":{"x":-0.005570229608565569,"y":0.9941582679748535,"z":-0.07262913882732392,"w":-0.08104409277439118},"size":0.4504574239253998,"orthographic":false}