{"cameraMode":{"drawMode":0,"name":"Shaded","section":"Shading Mode"},"sceneLighting":false,"audioPlay":false,"sceneViewState":{"m_AlwaysRefresh":false,"showFog":false,"showSkybox":false,"showFlares":false,"showImageEffects":false,"showParticleSystems":false,"showVisualEffectGraphs":true,"m_FxEnabled":true},"in2DMode":false,"pivot":{"x":-0.0011764764785766602,"y":0.9883880615234375,"z":0.09775243699550629},"rotation":{"x":0.0007908117258921266,"y":-0.9992616176605225,"z":0.026096560060977937,"w":0.03911149501800537},"size":1.0327969789505005,"orthographic":false}