{"cameraMode":{"drawMode":0,"name":"Shaded","section":"Shading Mode"},"sceneLighting":false,"audioPlay":false,"sceneViewState":{"m_AlwaysRefresh":false,"showFog":false,"showSkybox":false,"showFlares":false,"showImageEffects":false,"showParticleSystems":false,"showVisualEffectGraphs":true,"m_FxEnabled":true},"in2DMode":false,"pivot":{"x":0.00009202957153320313,"y":0.8570693135261536,"z":-0.0061247944831848148},"rotation":{"x":-0.0030442432034760715,"y":0.9951914548873901,"z":-0.09222777187824249,"w":-0.036184873431921008},"size":1.3641386032104493,"orthographic":false}