{"cameraMode":{"drawMode":0,"name":"Shaded","section":"Shading Mode"},"sceneLighting":false,"audioPlay":false,"sceneViewState":{"m_AlwaysRefresh":false,"showFog":false,"showSkybox":false,"showFlares":false,"showImageEffects":false,"showParticleSystems":false,"showVisualEffectGraphs":true,"m_FxEnabled":true},"in2DMode":false,"pivot":{"x":0.1896476149559021,"y":1.0312583446502686,"z":2.777923107147217},"rotation":{"x":0.00156646769028157,"y":0.9988217353820801,"z":0.03206324204802513,"w":-0.039278142154216769},"size":0.3996332287788391,"orthographic":false}